customerID,company_name,address,city,state,phone
1,Mills LLC,0199 Theresa Neck Suite 171,Salinas,California,9061311906
2,Thomas-Mcdowell,485 Juan Manors Apt. 163,Moreno Valley,California,1886916789
3,Pham Group,70819 Freeman Court Apt. 124,Concord,California,6470542201
4,Escobar Group,0776 Jasmine Summit Apt. 372,Pasadena,California,4964628843
5,Levy and Sons,723 Rogers Fields,Pomona,California,2066291946
6,Chapman-Wagner,66888 Julie Summit Apt. 788,Vallejo,California,1938309869
7,Phillips-Reyes,9393 Anthony Greens,Fresno,California,2133748052
8,Cameron LLC,106 Willis Circles,Oceanside,California,7327326425
9,Davis-Bush,732 Scott Keys,Santa Clara,California,9541926006
10,"Roth, Taylor and Myers",227 Adams Islands Apt. 233,Santa Ana,California,0743064547
11,Cochran-Wilson,3596 Lyons Highway,Salinas,California,8521215688
12,Sims and Sons,78772 Anthony Pine,Fremont,California,4302429265
13,Clark-Anderson,4922 Nguyen Street Apt. 927,Lancaster,California,9081423400
14,"Flores, Thornton and Walker",7831 Jimmy Branch Suite 783,Pomona,California,0326195508
15,Wagner Ltd,43145 French Lane Apt. 328,Sunnyvale,California,4674379352
16,Burnett-Perez,878 Smith Ville,Ontario,California,4838886819
17,"Ramsey, Cross and Cooke",05357 Torres Gardens,Orange,California,7933979535
18,"Archer, Brown and Norman",1901 Melissa Keys,San Diego,California,9754283126
19,Massey Inc,6127 Justin Stravenue Suite 886,Santa Clarita,California,2760647981
20,Mcbride LLC,6175 Harold Fall Apt. 515,Long Beach,California,5070397572
21,Goodwin-Arnold,419 Russell Drive Apt. 397,Oakland,California,7460259303
22,Cook-Sparks,565 Michael River,Sacramento,California,0904408550
23,Hart-Morales,8080 Mcclure Estates Suite 998,Long Beach,California,1267909456
24,Nash-Faulkner,989 Sarah View,Sacramento,California,4678289470
25,Jones-Edwards,05662 Tara Stream Apt. 076,San Jose,California,4386540401
26,"Odonnell, Henson and Willis",6023 Thomas Lake,Lancaster,California,6905676402
27,Montoya LLC,29700 Cheyenne Inlet Apt. 852,San Francisco,California,8430242631
28,Davis PLC,9996 Fisher Walks Apt. 596,Oceanside,California,7404962274
29,Stewart-Sandoval,300 Michael Vista,Rancho Cucamonga,California,5643096593
30,"Thomas, Miller and Gregory",0038 Tonya Ranch Apt. 048,San Francisco,California,1347497513
31,"Howard, Rhodes and Curtis",1820 Acevedo Grove,San Jose,California,3123924356
32,Martinez-Horton,303 Abigail Parkway,Orange,California,3800022207
33,Wilkinson Group,77633 Peter Lock Suite 664,Escondido,California,5335540246
34,Hill Ltd,2455 Mcclure Center,Lancaster,California,2689180129
35,Sullivan Inc,762 Carter Drive Apt. 391,Elk Grove,California,0754989788
36,"Serrano, Martin and Edwards",334 Roberts Green Apt. 865,Sacramento,California,7330296662
37,Whitaker-Abbott,95341 Caleb Court,Los Angeles,California,0615317704
38,"Snyder, Gonzales and Conner",2208 Edward Crossing Suite 287,Modesto,California,7207248866
39,Baker-Casey,751 Little Circles,Long Beach,California,0326049688
40,Pham-Barrera,496 Melissa Flats Suite 149,Orange,California,2630259809
41,Garcia-Juarez,542 King Cliff,Long Beach,California,1737587150
42,"Washington, Hall and Gross",023 Paige Ferry Apt. 017,Concord,California,4356869972
43,Atkins-Rodriguez,7376 Mary Burg Suite 211,Los Angeles,California,9360001120
44,Irwin LLC,540 Lucas Courts Suite 766,Santa Ana,California,3096590260
45,"Brown, Smith and Scott",62211 Wilson Tunnel Apt. 398,Riverside,California,8710899976
46,Mora Inc,811 David Spring,Victorville,California,0649225711
47,"Anderson, Manning and Nguyen",427 Ballard Key,Lancaster,California,3171003311
48,Kennedy-Woodard,459 Munoz Cove Apt. 116,Chula Vista,California,7406927674
49,Taylor-Murphy,98016 Gloria Mountains Apt. 808,Pasadena,California,7776402892
50,Martinez-Walker,968 Christopher Ranch Apt. 888,Irvine,California,0788716298
51,Jacobs-Wilson,137 Clifford Row Apt. 657,Rancho Cucamonga,California,7908465099
52,Garcia PLC,01988 Miles Courts,Vallejo,California,8331164506
53,Taylor Group,886 Ryan Ferry Apt. 451,Roseville,California,8785088590
54,"Perez, Steele and Hamilton",78346 Wyatt Spring Suite 774,Roseville,California,9314758443
55,"Scott, Smith and Harvey",5064 Harrison Haven,Salinas,California,4599403944
56,"Smith, Chavez and Warner",80175 Joseph Viaduct Suite 108,Ontario,California,7874432115
57,"Rowland, Wyatt and Sutton",63318 George Valley Apt. 112,Santa Clara,California,8274641374
58,"Rogers, Roberts and Ward",985 Hansen Tunnel,Palmdale,California,9102259130
59,"Smith, Williams and Griffin",574 Dennis Fort Apt. 544,Oxnard,California,1484125336
60,Tucker-Rivas,129 Cody Lodge,Simi Valley,California,9378426630
61,Booker LLC,073 Pamela Forks,San Diego,California,0751827079
62,"Chambers, Johnson and Collins",592 Burns Isle,Modesto,California,1410394931
63,Koch-Hernandez,9954 Sandra Groves,Corona,California,4571364744
64,"Burgess, Gilbert and Brooks",28744 Scott Village,Simi Valley,California,5046562495
65,Vasquez Inc,3137 Melissa Viaduct,Sunnyvale,California,7320654661
66,Valdez-Roth,85911 Williamson Dam Suite 418,Fontana,California,1425022892
67,Richards-Austin,2127 Melissa Brook,Long Beach,California,4187298442
68,Andrews Inc,8410 Kyle Branch,Sunnyvale,California,0967731531
69,Carter Group,37669 Cunningham Crest Apt. 331,Rancho Cucamonga,California,7312070999
70,Padilla and Sons,7605 Charles Canyon Suite 333,Hayward,California,4379088444
71,"Cisneros, Mccullough and Dominguez",5260 Pollard Freeway,Glendale,California,1415814144
72,Miller Inc,1427 Emma Shoals,Fremont,California,2661117506
73,Franklin LLC,764 Hughes Rapid Apt. 308,Fremont,California,9238976259
74,"Farley, Murray and Parrish",0096 Dean Forks,Salinas,California,4145916322
75,Dean-Martin,75512 David Road,Victorville,California,5339665462
76,Rodriguez-Miller,1640 Susan Causeway,Hayward,California,8031477883
77,"Shaw, Warren and Camacho",4905 Jade Brooks,Bakersfield,California,1943300028
78,"Nguyen, Dillon and Clark",3288 Nathan Shoals Suite 548,Hayward,California,8392015816
79,Rodriguez-Sutton,82909 Chapman Falls,Chula Vista,California,0833349574
80,Bonilla LLC,9072 Travis Summit Suite 443,Bakersfield,California,5812985733
81,"Baldwin, Ramos and Lewis",6556 Holmes Gardens,Thousand Oaks,California,3512079186
82,Gonzalez Ltd,781 Thompson Courts Apt. 097,Long Beach,California,0202836666
83,Richard Group,50054 Amanda Curve,San Jose,California,1352508417
84,Patel Ltd,8149 Maria Centers,Elk Grove,California,0161007026
85,Austin and Sons,721 Morgan Ford Suite 701,Fontana,California,5859720821
86,Mendoza Inc,80317 Ramsey Overpass,Lancaster,California,9905552837
87,Ford PLC,08608 Michelle Port,Modesto,California,8296308673
88,Neal-Cohen,859 Tiffany Fords Apt. 551,Riverside,California,8393830218
89,Hernandez Ltd,4099 Alexander Drives,Bakersfield,California,4857933133
90,"Clark, Martin and Leach",50343 Christopher Forks,Los Angeles,California,9803055098
91,"Kelley, Cummings and Smith",286 Jackson Road,Escondido,California,0070004780
92,Powers and Sons,15273 Holt Ports Suite 854,Long Beach,California,8351383025
93,"Henderson, Freeman and Phillips",67995 Andrea Estate Apt. 577,Oakland,California,9573558149
94,Terry-Leonard,944 Troy Path Apt. 877,Irvine,California,8576515445
95,Aguilar-Miller,78134 Amanda Underpass,Garden Grove,California,1055275843
96,Osborne-Anderson,829 Leah Pines Suite 903,Thousand Oaks,California,7489499186
97,White and Sons,6885 Linda Valleys Suite 744,Fontana,California,1331178671
98,Simmons-Lopez,70195 Randy Grove,San Diego,California,6307547316
99,Lambert PLC,54502 Samantha Circles,Ontario,California,6084748429
100,Flores-Martinez,3482 April Grove,Chula Vista,California,5400226002
101,"Cuevas, Allen and Sutton",14054 Jennings Villages,Thousand Oaks,California,9601066006
102,Hill LLC,623 Berry Lake Apt. 368,Pomona,California,3693948975
103,"Barrera, Salas and Cook",0060 Meagan Via,Santa Clarita,California,8271028331
104,"Sellers, Bullock and Golden",04103 Conley Ramp Suite 372,Escondido,California,4956090230
105,"Thomas, Jennings and Bush",69329 Anthony Prairie,Fontana,California,1748336584
106,Wilson-Hays,1514 Douglas Union Apt. 058,Salinas,California,9638770036
107,Ramirez-Bush,938 Butler Roads,Escondido,California,4473301896
108,Jackson and Sons,570 Emily Hill,Fresno,California,0223080689
109,Morgan LLC,351 Rodriguez Island Suite 643,San Jose,California,6481146641
110,Garrett Group,08872 Hernandez Forest Suite 522,Fontana,California,3129404142
111,"Porter, Knight and King",2801 Ryan Shore Suite 989,Huntington Beach,California,6147592650
112,Higgins-Fernandez,109 Olson Walks Suite 683,Thousand Oaks,California,9022117846
113,Nguyen-Compton,8727 Craig Overpass Suite 473,Fresno,California,5239905808
114,Carpenter-Guzman,3525 Nguyen Mountain,Salinas,California,7570022610
115,Fernandez LLC,764 Beth Port,Oxnard,California,5234968278
116,Roberts Group,950 Anthony Circle Suite 071,Salinas,California,3668707053
117,Barnes Ltd,2199 Daniel Village Suite 300,Ontario,California,6806711744
118,Moore-Abbott,053 Nicole Point,Huntington Beach,California,7558839949
119,"Archer, Morton and Baker",27504 Duke Row,Escondido,California,5490749165
120,"Crane, Lambert and Owens",30371 Jessica Manor,Pomona,California,7595065231
121,Medina-Wells,5901 Karen Cliffs,Elk Grove,California,2363204425
122,"Davis, Wilson and Nash",298 Adam Underpass Suite 745,Ontario,California,9025068044
123,"Barrett, May and Dunn",653 Brian Path,Vallejo,California,4455303705
124,Jones Group,409 Maldonado Dam,Elk Grove,California,9287082359
125,Benson-Henry,3160 Evans Crest,Fremont,California,5323498841
126,"Obrien, Fischer and Scott",4036 Rice Passage,Glendale,California,1354130263
127,Bennett and Sons,9425 Nicole Springs Suite 816,Santa Clara,California,1916161728
128,Richardson-Morris,939 Adrian Throughway Apt. 152,Chula Vista,California,8683437694
129,Summers and Sons,5871 Carpenter Shores,Elk Grove,California,5792497447
130,Long-White,352 Megan Radial,Escondido,California,1285029730
131,Cobb-Smith,428 Heather Rue,Santa Ana,California,3995466562
132,Peterson-Burns,98666 Shannon Crossroad,Santa Clara,California,3840659169
133,Taylor-Reyes,13942 Hill Place,Escondido,California,2588815748
134,Johnson LLC,9425 Timothy Skyway,Hayward,California,2020774743
135,Mcbride-Woods,30345 Rosales Forest Apt. 003,Oakland,California,2827634518
136,Cook Inc,107 Barton Circle Suite 319,San Jose,California,7289759042
137,"Beltran, Rogers and Jackson",082 Robert Trace Suite 982,Fullerton,California,6158790923
138,"Wade, White and Farley",7771 Tyler Fork Apt. 403,Sunnyvale,California,6677444094
139,"Burns, Long and Wood",143 Joseph Mountain Apt. 652,Glendale,California,9489379999
140,Wright and Sons,80136 Watts Cliffs,Fremont,California,8374811331
141,Santiago Ltd,83327 Rodriguez Island Apt. 146,Simi Valley,California,0104517743
142,Espinoza-Perkins,231 Cain Way Apt. 381,Stockton,California,0626641064
143,Hodge Group,72278 Nathan Hill,Victorville,California,2839588662
144,Chen-Fitzgerald,188 Torres Squares Suite 780,Hayward,California,6008150602
145,"Bishop, Thompson and Berry",54096 Margaret Avenue Apt. 733,Fullerton,California,0832873695
146,"Cantrell, Morton and Dillon",6002 Amanda Canyon,Modesto,California,7189143639
147,Harris Group,1105 Rogers Isle Suite 359,San Diego,California,8499295948
148,Lewis-Hurst,8344 Rachel Meadow,Orange,California,9934026976
149,Hill-Garcia,18338 Mitchell Radial,Huntington Beach,California,1012614015
150,King-Wilson,71232 Rivera Tunnel Apt. 172,Vallejo,California,5410626221
151,Hancock-Valencia,82210 Gamble Mall,Oakland,California,3315635858
152,Randolph-Bradley,175 Johnson Passage,Fremont,California,4371494644
153,"Sheppard, Bennett and Allen",34139 Davis Dam,Santa Clara,California,2676620839
154,Huang Group,38329 Hernandez Route Suite 199,Orange,California,9846963712
155,Kelley-Williams,021 Guerrero Common,Salinas,California,1011865825
156,Fischer-Alvarez,5369 Jones Center Suite 202,Pasadena,California,4451696851
157,Stone PLC,265 Jones Views,Moreno Valley,California,9143266746
158,"Myers, Bell and Gross",586 Espinoza Landing Apt. 753,Anaheim,California,1349562943
159,"Norman, Richard and Garcia",6973 Jacobs Rue,San Bernardino,California,1265619437
160,"Nguyen, Barnes and Vasquez",14973 Jones Glen Apt. 074,Irvine,California,8894457996
161,Valencia-Norton,27335 Alexa Island,Long Beach,California,5238077330
162,"Richardson, Clark and Pearson",09088 Macias Manor Apt. 410,Roseville,California,9141421795
163,Smith-Serrano,3122 Stephens Point Suite 471,San Bernardino,California,0037712916
164,"Norman, Hamilton and Padilla",465 Kelsey Row Apt. 410,Fresno,California,9688677480
165,Gray-Moreno,731 Reynolds Knolls Apt. 925,Santa Rosa,California,9516448662
166,"Lopez, Miller and Anderson",258 Laura Well Suite 107,Glendale,California,9348817266
167,Gonzalez-Robbins,74669 Chambers Hollow,Santa Ana,California,9631031692
168,"Powers, Phillips and Morton",09045 Jackson Ford Apt. 554,Salinas,California,1978274545
169,Williams-Gibson,199 Barrett Rest Suite 619,Fontana,California,8071360401
170,"Herman, Carroll and Hayes",3225 Jamie Station,Elk Grove,California,9649462497
171,"Mcguire, Taylor and Hernandez",28966 Obrien Drive Apt. 775,Elk Grove,California,2045043760
172,Padilla-Copeland,469 Brandon Forks Apt. 479,San Diego,California,2638683029
173,Hansen-Payne,3374 Timothy Tunnel,Vallejo,California,5868578530
174,Bowman LLC,613 Cook Light,Santa Clara,California,2148443950
175,Robbins and Sons,8765 Catherine Flats Suite 878,Escondido,California,9432056882
176,Mccall and Sons,8678 Jones Village,Corona,California,1553546666
177,"Reyes, Smith and Smith",0645 James Port Apt. 232,Riverside,California,0269955562
178,"Chase, Hoffman and Flores",100 Gomez Summit,San Jose,California,1967328063
179,Brooks PLC,57663 Gonzalez Fork Apt. 598,Santa Ana,California,7688116831
180,Short Inc,4040 Mills Curve Apt. 330,Irvine,California,4111093793
181,"Morales, Velazquez and Newton",84477 Heather Lodge Suite 972,Garden Grove,California,9697197109
182,"Moore, Coleman and Lester",8043 Martinez Extensions Apt. 537,Roseville,California,5200644553
183,Haas LLC,278 Joel Island Apt. 346,Roseville,California,2796576289
184,Berger-Lloyd,773 Thomas Club,Orange,California,3139968383
185,"Wright, Thomas and Sanchez",2751 Melissa Spring Suite 292,Lancaster,California,0456274775
186,Massey-Jimenez,7605 James Forges,Escondido,California,7373366744
187,Nelson Ltd,52437 Kelly Island Suite 434,Ontario,California,8500792122
188,Reyes-Brown,1668 Christopher Cliff,Rancho Cucamonga,California,6782187616
189,"Murphy, Moon and Baker",40762 Chelsea Passage Apt. 139,Thousand Oaks,California,8991582842
190,"Cameron, Reed and Richards",6308 Martinez Springs,Oceanside,California,5453731395
191,Prince-Vargas,797 Tran Oval,Bakersfield,California,6183526669
192,Neal LLC,176 Castaneda Port,Palmdale,California,5049813542
193,Barron-Rodriguez,2504 Kelley Locks,Modesto,California,9349439837
194,Davis-Mendez,117 Duncan Trail Apt. 719,Rancho Cucamonga,California,0481355798
195,Williams Group,69257 Kelley Isle,Long Beach,California,6829566889
196,Maxwell LLC,1424 Johnson Wells Suite 576,Victorville,California,0816277442
197,Stein Group,3971 Bond Trail Suite 824,Riverside,California,5037350880
198,Hodge LLC,841 Eric Centers Suite 756,San Diego,California,8079746639
199,Walker-Holloway,207 Cabrera Spur Suite 817,Corona,California,9060408666
200,Mendoza-Barry,6809 Virginia Island Suite 702,Visalia,California,0179514888
201,"Nguyen, Williams and Brooks",039 Paul Spurs Apt. 644,Long Beach,California,4592529658
202,"Smith, Alvarado and Ramirez",5982 Costa Junction,Santa Clarita,California,5732960602
203,Guzman Group,420 Samantha Neck,Moreno Valley,California,2996413063
204,"Carter, Chang and Smith",6019 Mcclure Trail,Roseville,California,0507277535
205,Patterson-Ray,247 Gardner Plain Apt. 739,San Francisco,California,6344151791
206,Murray Inc,5940 Kevin Village,Palmdale,California,0161867058
207,Mendoza Ltd,55940 Rebecca Lakes Apt. 451,Orange,California,0197651238
208,"Hoffman, Johnson and Calderon",343 Olson Dam,San Bernardino,California,5665631454
209,Swanson LLC,3238 Perez Square,Long Beach,California,0499206534
210,"Tucker, Fernandez and Crawford",32231 Alyssa Summit,Corona,California,6352185817
211,Atkins-Harvey,11011 Robert Forest,Escondido,California,4946536061
212,"Morris, Dennis and Henson",48985 Rogers Walk,Pasadena,California,4963823769
213,"Davis, Wade and Miller",05514 Sandra Rapids,Santa Ana,California,2120791717
214,Warren-Johnson,881 Peterson Mission Apt. 281,Riverside,California,4587273062
215,Gutierrez Inc,0848 Anthony Pines,Riverside,California,9481391839
216,Lopez-Stewart,5624 Gary Corner Apt. 571,Riverside,California,3742874982
217,Davis-Warren,7671 Melissa Mount Apt. 132,Long Beach,California,2694841171
218,"Morgan, Barker and Williams",591 Gilmore Highway,San Diego,California,4021484273
219,Sims Inc,85126 Evan Junction Apt. 237,Hayward,California,8418703876
220,"Francis, Wright and Tran",3908 Stewart Stream Suite 744,Salinas,California,1330227962
221,"Perez, Bryant and Ortega",994 Gilbert Parkways,Orange,California,1469711791
222,Ross-Christensen,63536 Chloe Courts,Santa Ana,California,6768971044
223,"Robertson, Turner and Bryant",311 Christina Lights Apt. 689,Escondido,California,1718387085
224,Bell and Sons,18131 Vanessa Creek,San Bernardino,California,2974590157
225,Barrett-Johnson,2495 Santana Islands,Visalia,California,8795192399
226,Santos Group,3137 Dawson Park,Escondido,California,8826381111
227,Taylor-Henderson,3501 Baker Spur Suite 000,Fontana,California,0090331080
228,Dunn Group,162 Michael Drive,Palmdale,California,6595537628
229,Young-Campbell,949 Andrea Creek,Oxnard,California,0639838349
230,Morales LLC,652 Harrison Freeway Suite 727,Orange,California,2835548744
231,"Brooks, Chambers and Crane",9405 Moyer Islands Suite 504,Ontario,California,4424166779
232,Donovan-Walker,5755 Flowers Lane,Roseville,California,2846421792
233,"Shannon, Johnson and White",339 Richardson Crossroad Suite 265,Santa Clarita,California,2624013476
234,"Schmidt, Thomas and Robinson",6382 Adam Forges,Oakland,California,8286327168
235,James-Sanchez,134 Jennifer Viaduct,Santa Clarita,California,6025392728
236,"Bryant, Hernandez and Taylor",7410 Anderson Station,Elk Grove,California,6583383617
237,"Burton, Russo and Fuller",8562 Castillo Stream Apt. 626,Oceanside,California,4981185130
238,"Ritter, Jones and Watkins",122 Edward Shoals,Oakland,California,0011397068
239,Martinez and Sons,300 Rogers Spring Apt. 001,Simi Valley,California,1531357093
240,"Mcdaniel, Lee and Johnson",4055 Sean Underpass,Santa Clarita,California,7850219361
241,Day Inc,96277 Navarro Crest,Simi Valley,California,1992884658
242,Mccann Ltd,29138 Malik Park Apt. 223,Simi Valley,California,3880987092
243,Jones-Chaney,20021 Elizabeth Forge Suite 857,Oakland,California,2713403213
244,Ross-Howard,78617 Wu Inlet,Ontario,California,3233206080
245,Smith Inc,70506 Patel Walks Suite 340,Rancho Cucamonga,California,1341235217
246,"Archer, Fowler and White",5773 Neal Radial,Escondido,California,9653231358
247,Harding Group,182 Christy Passage,Chula Vista,California,6046384712
248,Erickson-Moore,871 Christie Unions,Santa Ana,California,9867309659
249,Flores-Jones,29926 Jeffery Key Apt. 778,Oceanside,California,9112813411
250,"Taylor, Cooley and Taylor",2042 Jessica Harbor Suite 336,Pomona,California,4819867677
251,Mccarthy Ltd,8957 Linda Trafficway,Modesto,California,1842088054
252,Johnson-Brown,78150 Maria Park Suite 327,Fullerton,California,7962219056
253,Mueller-Chase,110 Amanda Knolls Apt. 024,Sacramento,California,9270572167
254,Ford Inc,050 Nicole Dam Suite 310,Huntington Beach,California,1843585945
255,Arnold and Sons,66621 Lisa Parkways,Escondido,California,1952483574
256,"Gutierrez, Franco and Welch",424 Prince Neck,Visalia,California,3983605100
257,"Miles, Miller and Brown",8277 Matthew Spurs,Sacramento,California,9860926095
258,Holmes-Gonzales,801 Janice Street,Escondido,California,2448079697
259,"Parrish, Fleming and Crawford",09399 Anderson Grove,Santa Clara,California,9482595616
260,Hansen LLC,1182 Rebecca Knolls Apt. 462,Anaheim,California,2425190052
261,"Griffin, Wong and Reynolds",0785 Rebecca Island Apt. 175,Santa Clarita,California,4192758864
262,"Leach, Sanchez and Arnold",464 Lori Green Suite 758,Concord,California,2571072435
263,"Farley, Graham and Jenkins",47323 Perkins Expressway,Concord,California,0614252905
264,"Choi, Duke and Richardson",3207 Robert Gardens Apt. 702,Pomona,California,2208894322
265,Sims Group,430 Miranda Summit,Moreno Valley,California,6391809028
266,"Moses, Wall and Singh",49402 Hill Ferry Apt. 811,Escondido,California,8030160851
267,"Duncan, Bell and Martin",208 Chambers Estates Suite 550,Fullerton,California,7313004298
268,Wright-Madden,655 Christian Pass Suite 411,Fullerton,California,3815593545
269,Rice Ltd,91660 Patricia Ranch Apt. 187,Chula Vista,California,9796408881
270,"Jones, Guzman and Mathews",9771 Gamble Park,Victorville,California,2951138045
271,"Bridges, Perez and Baldwin",5443 Garcia Street Suite 835,Fullerton,California,4676874997
272,Wright Inc,724 Wolfe Knolls,Simi Valley,California,9073485550
273,"Gomez, Mendez and Romero",418 Ballard Prairie,Santa Rosa,California,2596194405
274,"Norris, Cook and Krueger",72596 Graves Village,Ontario,California,9434480214
275,"Reynolds, Ochoa and Kent",7153 Isaac Glens,Roseville,California,9830090567
276,"Gonzalez, Hernandez and Payne",21334 Daniel Brooks,Concord,California,5430719451
277,"Rodriguez, Alexander and Smith",50387 Joanna Brooks,Huntington Beach,California,5600597579
278,"Soto, Gates and Alvarez",935 Smith Run Apt. 342,Stockton,California,3324633954
279,"Allen, Stevens and Stark",347 Morgan Forks,San Diego,California,3622904153
280,"Mitchell, Reyes and Rivera",0772 Sexton Islands Apt. 997,Roseville,California,4484647519
281,"Burns, Moore and Pierce",83586 Melissa Fields Suite 728,Fullerton,California,7334407475
282,Elliott PLC,1329 Charlotte Ports,Santa Ana,California,8858405820
283,Reeves Group,7696 Padilla Street Suite 948,Pomona,California,1567680184
284,"Lynch, Brewer and Collier",5266 Jackson Fords,Fresno,California,5122463501
285,"Walker, Long and Abbott",91015 Garcia View,Roseville,California,3749517683
286,Gardner Ltd,563 Sandoval Well Apt. 738,Moreno Valley,California,9648617222
287,"Bailey, Clark and Perez",898 Hurley Points,Bakersfield,California,5004348321
288,"Smith, Harris and Olsen",241 Brown Tunnel Apt. 923,San Francisco,California,0101170425
289,Rodriguez-Howard,80291 Brandon Walk,Santa Rosa,California,9136781362
290,Smith-White,13860 Danielle Alley Suite 852,Modesto,California,4922031878
291,Black and Sons,61310 Melissa Viaduct Apt. 825,Moreno Valley,California,6495088799
292,Woods Inc,444 Ross Terrace,Oceanside,California,4337366167
293,Mitchell Inc,87083 Armstrong Ways,Elk Grove,California,1790729815
294,Duke Group,9105 Brian Fall Suite 772,Palmdale,California,1036860546
295,Howard-Stevenson,3411 Kenneth Knoll Suite 811,Irvine,California,8101027746
296,Sanchez PLC,49598 Garcia Springs Suite 408,Escondido,California,4310386709
297,"Allen, Fields and Santana",7281 Estrada Inlet Apt. 000,Fresno,California,5582376798
298,Wheeler-Green,777 Adams Station,Modesto,California,4807218956
299,Young-Mcbride,560 Ray Ramp Suite 708,Bakersfield,California,4272455509
300,"Davis, Brooks and Smith",726 Michael Mission,Orange,California,7192226704
301,Barrera Inc,9817 Cameron Haven Suite 713,Roseville,California,8967548686
302,Good Inc,5345 Stone Course Apt. 998,Pasadena,California,2450093052
303,Taylor and Sons,23402 Walker Street Apt. 373,Oxnard,California,7632624289
304,Rivera LLC,46268 Kimberly Land,Santa Clarita,California,7966328208
305,Rich Inc,05107 Robinson Walk,Fremont,California,7993677505
306,Rowe and Sons,07796 Heidi Loop,Victorville,California,5369032501
307,"Rodriguez, Byrd and Morris",782 Richard Club,Pasadena,California,2271753695
308,Mendoza-Wallace,460 James Crossroad,Sacramento,California,4011607049
309,Perez-Zuniga,141 Terrell Turnpike Suite 584,Roseville,California,9180770194
310,"Buchanan, Taylor and Rice",981 Jessica Falls,Santa Clara,California,5375992340
311,"Wells, Hughes and Mills",3213 Karen Road Suite 448,Santa Ana,California,0197961568
312,Anthony-Bryan,818 Weeks Union,Fullerton,California,8718874861
313,Scott-Simmons,89223 Adam Passage,Santa Rosa,California,2359619379
314,Williams-Pineda,70610 Mcdonald Road,Los Angeles,California,5749788390
315,"Villa, Thomas and Williams",52070 Johnson Brook Apt. 073,Escondido,California,5350000034
316,"Miles, Golden and Brooks",103 Lori Harbors,Sunnyvale,California,3696973108
317,Williams-Lam,675 Jeffrey Prairie Suite 440,Santa Clara,California,3168269781
318,"Thomas, Mack and Diaz",70294 Nguyen Lakes Suite 271,Sunnyvale,California,1119404084
319,"Gibson, Fuller and Cox",303 Boyer Common,Salinas,California,9028947647
320,"Charles, Pham and Powers",22276 Summer Dam,Santa Clara,California,7811588761
321,Parker-Austin,906 Darlene Trace Suite 023,Thousand Oaks,California,9196164230
322,Smith Inc,218 Pam Track,Orange,California,6699587388
323,Jones PLC,19536 Murphy Avenue Apt. 199,Palmdale,California,8096637116
324,Branch-Jefferson,43998 Bryant Extensions Apt. 537,Fontana,California,7770663747
325,"Guerrero, Schultz and Koch",372 Brooks Expressway Suite 352,Pasadena,California,1153238727
326,Brown-Gibson,655 Joshua Shore Suite 370,San Jose,California,0061190863
327,Williamson Ltd,602 Jill Passage,Modesto,California,1956333464
328,"Miller, Bailey and Johnson",72823 Larry Garden Suite 124,Bakersfield,California,1935155967
329,Hahn-Sandoval,3911 Savannah Green Suite 369,Vallejo,California,4961851758
330,Calhoun Ltd,4876 Howe Lake Apt. 743,Ontario,California,6691698813
331,Ortiz-Shepherd,841 Gonzales Knoll,Oakland,California,5556683274
332,Morgan-Martin,883 Martha Estate,Santa Ana,California,5391890902
333,Clark-Neal,36684 Sanchez Terrace,Hayward,California,2688928659
334,Buckley-Rice,2444 Perez Ridges,Thousand Oaks,California,0286564673
335,Bullock Inc,69218 Fields Isle,Fullerton,California,7062791818
336,Davis-Mccormick,95137 Ware Trace,Escondido,California,2255623851
337,Reese-Carroll,80557 Andres Drives Apt. 299,Thousand Oaks,California,0795662064
338,Gould-Kelley,70197 Bruce Village Apt. 045,Fontana,California,6193441725
339,"Martinez, Patel and Rivera",09691 Bowen Rapid Suite 736,Orange,California,6823696257
340,Lowery Ltd,88721 Powell Expressway Suite 526,Irvine,California,3710985869
341,Kidd LLC,5338 Fitzpatrick Harbors Apt. 231,Santa Clarita,California,4979163510
342,Thomas PLC,345 Wesley Lights Suite 119,Fullerton,California,8859661956
343,Parrish PLC,6325 Warner Motorway,Fresno,California,2124650275
344,"Stevens, Jones and Patterson",86889 Megan Roads Apt. 281,Oxnard,California,5241666051
345,Carroll-Jones,429 Rachel Stravenue Suite 562,Fresno,California,0367164276
346,Kelly-Simon,2430 Amber Prairie Suite 389,Oakland,California,3052945673
347,Krueger Ltd,27004 Mckinney Vista,Salinas,California,4946978121
348,"Marquez, Reynolds and Burton",742 Robert Light,Modesto,California,8762545321
349,"Carr, Jones and Lee",43756 Wallace Path Apt. 082,San Francisco,California,6021991857
350,"Wood, Martinez and Bryant",03634 Mitchell Mountain,Glendale,California,4240386831
351,"Huynh, Garcia and Sawyer",774 Brown Port Apt. 430,Stockton,California,4387192101
352,"Edwards, Edwards and Douglas",3636 Walters Turnpike Apt. 725,Rancho Cucamonga,California,2852467539
353,"Kelly, Mata and Davis",3800 Carter Ville Suite 262,Fresno,California,6137191261
354,"Downs, Diaz and Greene",67041 Diaz Terrace,Sunnyvale,California,3125897077
355,"Wheeler, Moore and Ford",4847 Kristin Throughway,Huntington Beach,California,3798072553
356,Neal-Mcconnell,149 Deborah Village,Ontario,California,4214621278
357,Mullen Group,8219 Richard Court,Hayward,California,8566485076
358,"Brown, Winters and James",843 Miller Green Suite 567,Corona,California,6624720950
359,Johnson-Hernandez,609 Rodriguez Ports,Ontario,California,2499075779
360,"Hood, Bell and Webb",9877 Mark Manor,Pomona,California,4387087251
361,"Cameron, Duarte and Green",8852 Annette Alley Suite 384,Stockton,California,9240320813
362,"Barton, Hayes and Rivera",9568 Johnathan Path Apt. 451,Anaheim,California,3017360503
363,Melendez-Garcia,7588 Jeff Ranch,Huntington Beach,California,4481682750
364,Wolfe-Eaton,61242 Garza Road Suite 563,Lancaster,California,3089879495
365,Wells-Brooks,36607 Samantha Unions Apt. 155,Vallejo,California,1723247435
366,Hughes and Sons,5091 Kristin Roads,Santa Clarita,California,7733124140
367,"Pittman, Waller and Armstrong",1675 Benjamin Row,Pasadena,California,6468422986
368,"Johnson, Watkins and Oconnell",71577 Anthony Brook Suite 370,Victorville,California,7375841667
369,"Joseph, Huffman and Burton",381 Bell Radial,San Francisco,California,7354109109
370,House Inc,491 Amy Street,Pasadena,California,3183868027
371,Davis PLC,8850 Kemp Forge Suite 497,Lancaster,California,3478310947
372,Marsh PLC,449 Michele Oval Apt. 137,Long Beach,California,4218013260
373,"Griffith, Jackson and Martin",847 Williams Locks Suite 617,Oxnard,California,6330612770
374,James Group,5460 Joseph Fork,Hayward,California,9441846806
375,"Brown, Martinez and Woods",828 Parks Ramp,Escondido,California,5370561933
376,Williams Ltd,18098 Danielle Place Suite 785,Pasadena,California,8792006826
377,Bauer Inc,9241 Tanya Drive Suite 385,Glendale,California,0550677890
378,Page-Glover,15244 Sharon Stream Apt. 751,Stockton,California,9769922754
379,"Mays, Wilson and Webster",15108 Schroeder Parkway,Visalia,California,4454428518
380,Walsh and Sons,4821 Allen Cove,San Bernardino,California,7655362367
381,Richardson Inc,626 Shane Shoals,Moreno Valley,California,7473284129
382,Hardin-Ramos,37589 Price Summit,Oakland,California,2594673856
383,Castaneda Inc,840 Marshall Views Apt. 372,Santa Ana,California,9800109736
384,Butler-Rose,4310 Peter Hill Apt. 732,Concord,California,1482584797
385,"Rivera, Phillips and Smith",5078 Kelly Parkway,Moreno Valley,California,2923980739
386,Stuart Group,815 Walker Locks,Pomona,California,1496899463
387,"Harris, Murphy and Davis",9516 Deborah Bypass,Fontana,California,7087758079
388,King-Rivera,602 Heather Viaduct,Sacramento,California,1719353303
389,"Wilkinson, Johnson and Boone",340 Adam Underpass,Visalia,California,1580625887
390,Mcgrath and Sons,1619 Tonya Square,Moreno Valley,California,9083674919
391,"Jones, Davis and Mejia",7135 Don Plaza Apt. 579,Lancaster,California,0790804197
392,Horn-Jones,98956 Lee Junctions Suite 520,Escondido,California,9932593481
393,Li-Lawrence,548 Lopez Pines,Vallejo,California,5869988224
394,Thomas Group,4900 Harris Junctions,Glendale,California,0203067542
395,"Fuller, Jordan and Cook",31232 Rebecca Spurs Apt. 928,Oxnard,California,6476887897
396,Paul-Johnston,28814 Nelson Ford Suite 603,Los Angeles,California,8946599600
397,Johnson Inc,8707 Gonzalez Estate Suite 547,Stockton,California,8895754257
398,Torres-Schneider,483 Cindy Passage,Anaheim,California,7098382485
399,"Gonzalez, Harris and Little",905 Gonzalez Pines,Roseville,California,4161768012
400,Ramirez-Silva,56521 Williams Well,Pomona,California,4837828297
401,Benson Ltd,670 Sosa Road,Pasadena,California,5289643538
402,"Smith, Carter and Watson",51156 Benjamin Tunnel,Stockton,California,9972035893
403,Maynard-Dudley,5892 Bell Plaza Apt. 178,Ontario,California,2489393006
404,Dyer Inc,601 Larsen Lock Suite 989,Thousand Oaks,California,7739695584
405,"Vaughn, Sanchez and Lopez",418 Arthur Valley,Oceanside,California,6958197715
406,"White, Moon and Rocha",697 Huff Heights,Thousand Oaks,California,2860559970
407,Lopez-Cobb,33204 Osborn Turnpike Suite 579,Huntington Beach,California,8885439479
408,Perez-Peck,7031 Williams Haven,Fontana,California,6579704775
409,"Duran, Miller and Garcia",2183 Denise Prairie,Ontario,California,1631864726
410,"Romero, Simpson and Miller",81918 Morales Crescent,Oakland,California,6632884533
411,"Cook, Stevens and Kim",40964 Sullivan Loaf Suite 459,Elk Grove,California,4232194827
412,Nguyen PLC,08971 Edward Meadow Apt. 444,Corona,California,3020391070
413,"Price, Hernandez and Smith",04689 Jackson Harbor Apt. 441,Hayward,California,0624036677
414,Page-Greene,667 Brittany Lodge,Rancho Cucamonga,California,6496961279
415,"Johnson, Torres and Rojas",42584 Alexis Cliffs Suite 174,Los Angeles,California,8481326950
416,Gutierrez Group,2741 Daniel Fields Suite 764,Sacramento,California,9608303418
417,Gutierrez and Sons,1932 Mary Spring Apt. 357,Irvine,California,0459236613
418,"Reed, Davis and Watson",97151 Hart Drive,Thousand Oaks,California,9778039349
419,"Macdonald, Salazar and Smith",8067 Thomas Court,Orange,California,7231720448
420,Johnson-Tran,22122 Allen Court Suite 323,Escondido,California,8599072188
421,"Bernard, Davis and Thomas",019 Webster Falls,Lancaster,California,1888625761
422,"Cook, Morales and Clark",01302 Johnson Ports,Oxnard,California,1434278806
423,"Reed, Crosby and Carter",908 Christopher Plains Suite 387,Corona,California,8585764372
424,Ward-Hart,65068 Hernandez Shoals,Roseville,California,8074817871
425,Benson and Sons,2248 Kelly Crossing Suite 788,Bakersfield,California,6541804342
426,Duncan and Sons,44975 Evans Walk Apt. 495,Vallejo,California,4417615894
427,"Brooks, Pearson and Bell",068 Megan Street Apt. 327,Salinas,California,0722879409
428,"Gordon, Fuentes and Sullivan",87679 Jackson Points Apt. 334,Long Beach,California,6126025976
429,Hernandez Inc,575 Danielle Pike,Thousand Oaks,California,6488344628
430,Moore-Mercado,336 Pittman Locks Apt. 362,Vallejo,California,9790172962
431,"Lopez, Le and Schroeder",34155 Marshall Estate Apt. 422,Escondido,California,1807195829
432,Raymond Ltd,833 Martinez Overpass,Elk Grove,California,7149141496
433,Silva-Matthews,5433 Goodman Courts Suite 611,Visalia,California,6431525448
434,Murray-Anderson,57656 Carrie Valley Apt. 397,Roseville,California,9685106037
435,"Rollins, Foster and Wallace",594 Richard Plaza,Oxnard,California,3378573584
436,"Perkins, Sanders and Cochran",195 Ashley Falls Suite 314,Oakland,California,2736504485
437,Simmons Ltd,50270 Myers Landing,Thousand Oaks,California,8602009269
438,Bailey-Goodwin,0610 Anderson Crest,Escondido,California,0236036632
439,Orozco PLC,2129 Brown Trace Suite 151,Victorville,California,9402421836
440,Brennan-Jones,875 Harold Motorway,Palmdale,California,5252842835
441,"Rodriguez, Vazquez and Morgan",3850 Greer Center,Santa Rosa,California,3730021859
442,"Chavez, Jennings and Jefferson",4263 Joann Trail Apt. 414,San Francisco,California,6220212134
443,"Koch, Allison and Williams",2111 Burke Field,Fontana,California,5294353368
444,"Hernandez, Flores and Williams",02662 Christine Union,Rancho Cucamonga,California,7215282042
445,Jones-Houston,966 Mitchell Island,Irvine,California,1501815930
446,"Beard, Johnson and Preston",769 Thomas Avenue Apt. 568,Long Beach,California,2462783691
447,Henry Ltd,122 Caldwell Vista,Fresno,California,7477745425
448,Owens-Holt,819 Davis Brooks,Roseville,California,6251341851
449,Scott PLC,31401 Luna Park Apt. 631,Escondido,California,8713190429
450,"Mayer, Farley and Scott",62265 Soto Mountains,Rancho Cucamonga,California,8352024399
451,Howard-Davis,3063 Darlene Gardens,Stockton,California,5954856693
452,Peterson Ltd,2339 Jones River,Anaheim,California,3458453279
453,Adams-Hoover,6661 Munoz Prairie Suite 013,Oxnard,California,8123988888
454,"Griffith, Williams and Cox",4544 Campbell Manor Apt. 122,Bakersfield,California,4379011528
455,Richard Inc,335 Robinson Divide,Fontana,California,0430841867
456,"Wu, Velez and Keller",0350 Murphy Roads,Santa Clarita,California,1044730504
457,Avila-Gonzalez,72076 Matthew Run,Sacramento,California,9109756037
458,Ellis and Sons,0378 James Grove,Rancho Cucamonga,California,1887813367
459,"Thomas, Mcclain and Tucker",6687 Dillon Summit,Visalia,California,3381392519
460,Collins-Parsons,121 Miller Mountain,Oxnard,California,0556434170
461,"Clark, Smith and Patterson",2424 Brandon Rapid Apt. 971,Oxnard,California,8015192228
462,"Skinner, Moss and Whitney",3195 James Extension Suite 144,Salinas,California,3640718029
463,Flynn LLC,80767 Thompson Flat Suite 186,Simi Valley,California,6962806135
464,Dennis-Cooper,4596 Andersen Causeway Suite 000,Fresno,California,2488428615
465,Baker-Hall,5407 Thomas Forest Apt. 747,Moreno Valley,California,7957807568
466,"Mendoza, Mason and Washington",7759 Andrea Green Suite 352,Fremont,California,3399945689
467,Rodriguez PLC,06857 Monica Burgs Suite 089,Thousand Oaks,California,6547734024
468,Velez-Smith,79000 Brown Fall Suite 893,Visalia,California,3441545383
469,Glenn-Woods,70721 Amy Club Apt. 116,Pasadena,California,9260647346
470,Solomon PLC,42964 Kelly Street,Chula Vista,California,1136525673
471,Santos LLC,45471 Mary Avenue,Vallejo,California,2061830170
472,Norris-Gordon,609 Rose Road,Pasadena,California,4251637413
473,Day-Murphy,4279 Elliott Freeway,Irvine,California,8549312308
474,"Griffin, Schroeder and Griffith",41033 Wilson Brooks Apt. 655,San Jose,California,5921363234
475,Evans PLC,797 Gary Stream,Riverside,California,4331312364
476,Thompson Inc,3368 Fritz Ridge Apt. 260,San Jose,California,8198903534
477,Cabrera and Sons,62460 Joy Point,Sunnyvale,California,4447262246
478,"Barton, Jackson and Ellis",7954 Brooks Loop,Fresno,California,2796439462
479,"Sanchez, Elliott and Clayton",641 Boyer Lake Apt. 922,Vallejo,California,2674993049
480,Martin-Gallagher,74881 Williams Haven Apt. 856,Corona,California,7439686069
481,Shepherd-Thompson,388 Randy Tunnel,Glendale,California,3270961369
482,Perez-Williams,831 Danielle Spring Apt. 325,Stockton,California,5702340055
483,"Ortiz, Chaney and Benton",2359 David Trace Apt. 366,Garden Grove,California,3210263846
484,Williams and Sons,555 Scott Crossing Suite 834,Pasadena,California,4902126815
485,Alvarez PLC,44386 Brandy Fork Apt. 657,Irvine,California,6810849224
486,Smith Ltd,47477 Holly Villages Apt. 606,Irvine,California,4364313187
487,Rose-Cunningham,181 Wade Burgs Suite 590,Stockton,California,3963575787
488,"Davis, Smith and Sullivan",50161 Johnson Port,Roseville,California,3581872309
489,Wu-Davis,413 Cox Springs,Salinas,California,7163067781
490,Tran-Brown,097 Andrew Lane,San Bernardino,California,9845436427
491,Ruiz-Guerrero,17014 Brady Underpass,Riverside,California,9186516141
492,"Ferguson, Howard and Reed",5195 Jonathan Village Suite 618,Los Angeles,California,8114307988
493,Richards PLC,444 Payne Centers,Fullerton,California,5603638815
494,"Thomas, Riggs and Rice",54893 Rebecca Radial Apt. 571,Los Angeles,California,9857417857
495,Price Ltd,2131 Avila River,Roseville,California,8553383253
496,"Fox, Smith and Medina",4866 Payne Plain Suite 518,Hayward,California,7432755372
497,Steele-Garcia,91764 Moss Neck Apt. 099,Elk Grove,California,4713935495
498,Mcgrath Ltd,5238 Patrick Plaza,Sacramento,California,2443588766
499,Clark Ltd,3918 Pennington Turnpike Apt. 456,Pomona,California,7062849172
500,Humphrey-Ford,906 Cross Walks Apt. 467,Escondido,California,6160543606
